"","pot.code","final.height","stem.dry.bm","root.dry.bm","total.bm","myco.root.mass","nodule.mass","X2022.06.28","X2022.07.05","X2022.07.12","X2022.07.19","X2022.07.25","X2022.08.02","X2022.08.09","X2022.08.23","X2022.08.30","X2022.09.06","species","inoculum","select.date","germ.julian","growth.time","treatment","tray","cell","agb.rate","bgb.rate","total.rate","nod.rate","rs.ratio","bm.rate","rel.nod","rel.root.nod","inoc.type","avg","psf"
"1","1A",35.9,3.28,0.7403,4.0203,NA,0.076,2,2.4,4.3,7.1,10.2,12.9,15.9,24.2,28.5,NA,"MOCE","Forest","2022-06-07",158,97,"away",1,"A",0.0338144329896907,0.0076319587628866,0.0414463917525773,0.000783505154639175,0.225701219512195,0.0414463917525773,0.0189040618859289,0.10266108334459,"Inoculated",0.032241997610687,0.285478407790694
"2","1B",20.4,0.81,0.2705,1.0805,NA,NA,5.4,6.2,6.6,7,8.6,10.6,12.6,15.7,17.5,NA,"PITA","Forest","2022-06-09",160,95,"home",1,"B",0.00852631578947368,0.00284736842105263,0.0113736842105263,NA,0.333950617283951,0.0113736842105263,NA,NA,"Inoculated",0.0229345245140767,-0.504080226143542
"3","1C",9.5,0.15,0.0445,0.1945,NA,NA,0.7,0.7,1.6,2.2,2.7,3.8,5.1,6.7,7.5,NA,"ILGL","Forest","2022-06-20",171,84,"away",1,"C",0.00178571428571429,0.000529761904761905,0.00231547619047619,NA,0.296666666666667,0.00231547619047619,NA,NA,"Inoculated",0.0119184822773911,-0.805723905394519
"4","1D",53.3,4.25,0.5551,4.8051,NA,0.0663,3.3,5,6.7,11.3,15.4,19.1,22.2,33.5,39.5,NA,"MOCE","Forest","2022-06-13",164,91,"away",1,"D",0.0467032967032967,0.0061,0.0528032967032967,0.000728571428571429,0.130611764705882,0.0528032967032967,0.0137978397952176,0.11943793911007,"Inoculated",0.032241997610687,0.637717902621343
"5","1E",32.7,1.71,0.2971,2.0071,NA,NA,1.3,1.8,3.4,5.5,7.8,12.6,14.4,18.2,24.5,NA,"ILGL","Forest","2022-06-15",166,89,"away",1,"E",0.0192134831460674,0.00333820224719101,0.0225516853932584,NA,0.17374269005848,0.0225516853932584,NA,NA,"Inoculated",0.0119184822773911,0.89216083628685
"6","1F",20.3,0.58,0.1909,0.7709,NA,NA,1.1,1.7,2.5,3.5,5,8.3,11.1,16.1,17.4,NA,"ILGL","Forest","2022-06-17",168,87,"away",1,"F",0.00666666666666667,0.00219425287356322,0.00886091954022988,NA,0.329137931034483,0.00886091954022989,NA,NA,"Inoculated",0.0119184822773911,-0.256539605127519
"7","2A",45.9,1.83,0.2822,2.1122,NA,NA,1.6,1.7,3,4.9,7.5,12,16.7,28.1,33.2,NA,"ILGL","Shrub","2022-06-15",166,89,"home",2,"A",0.020561797752809,0.00317078651685393,0.0237325842696629,NA,0.154207650273224,0.0237325842696629,NA,NA,"Inoculated",0.0119184822773911,0.991242149571563
"8","2B",21.7,0.6,0.2332,0.8332,NA,NA,1.8,2.8,4,5.4,7.6,11.4,13.8,16.6,17,NA,"ILGL","Shrub","2022-06-14",165,90,"home",2,"B",0.00666666666666667,0.00259111111111111,0.00925777777777778,NA,0.388666666666667,0.00925777777777778,NA,NA,"Inoculated",0.0119184822773911,-0.223241889167433
"9","2C",32.4,2.54,0.2815,2.8215,NA,0.0574,3.1,3.3,5.7,7.6,10.1,11.9,14.1,19.7,23.5,NA,"MOCE","Shrub","2022-06-08",159,96,"home",2,"C",0.0264583333333333,0.00293229166666667,0.029390625,0.000597916666666667,0.110826771653543,0.029390625,0.0203437887648414,0.203907637655417,"Inoculated",0.032241997610687,-0.0884365989079382
"10","2D",20.6,0.69,0.2376,0.9276,NA,NA,1.1,1.2,2.1,3,4.3,6.4,8.2,14,16,NA,"ILGL","Shrub","2022-06-15",166,89,"home",2,"D",0.00775280898876404,0.00266966292134831,0.0104224719101124,NA,0.344347826086957,0.0104224719101124,NA,NA,"Inoculated",0.0119184822773911,-0.12552020739391
"11","2E",47.8,2.79,0.5988,3.3888,NA,NA,1.3,1.6,3.5,6,8.4,14.2,18.9,31.7,37.2,NA,"ILGL","Shrub","2022-06-14",165,90,"home",2,"E",0.031,0.00665333333333333,0.0376533333333333,NA,0.214623655913979,0.0376533333333333,NA,NA,"Inoculated",0.0119184822773911,2.15923894141791
"12","2F",31.3,2.06,0.4245,2.4845,NA,NA,7.4,7.6,9.3,11.2,12.5,15.3,18.6,25.2,27.6,NA,"PITA","Shrub","2022-06-14",165,90,"away",2,"F",0.0228888888888889,0.00471666666666667,0.0276055555555556,NA,0.206067961165049,0.0276055555555556,NA,NA,"Inoculated",0.0229345245140767,0.203668100405215
"13","3A",20.3,0.37,0.0575,0.4275,NA,0.0129,1,1.3,2.6,3.6,5.4,6.6,7.7,12.9,15.2,NA,"MOCE","Sterile","2022-06-22",173,82,"sterile",3,"A",0.00451219512195122,0.000701219512195122,0.00521341463414634,0.000157317073170732,0.155405405405405,0.00521341463414634,0.0301754385964912,0.224347826086957,"Uninoculated",0.032241997610687,-0.838303609562384
"14","3B",26.1,1.4,0.4882,1.8882,NA,NA,6,7,8.5,11,13.5,16.1,18.1,22.6,23.8,NA,"PITA","Sterile","2022-06-11",162,93,"sterile",3,"B",0.0150537634408602,0.0052494623655914,0.0203032258064516,NA,0.348714285714286,0.0203032258064516,NA,NA,"Uninoculated",0.0229345245140767,-0.114730903010876
"15","3C",3.6,0.05,0.0434,0.0934,NA,NA,3.5,3.5,3.5,3.5,4,3.6,3.6,3.6,3.6,NA,"PITA","Sterile","2022-06-13",164,91,"sterile",3,"C",0.000549450549450549,0.000476923076923077,0.00102637362637363,NA,0.868,0.00102637362637363,NA,NA,"Uninoculated",0.0229345245140767,-0.955247660541484
"16","3D",5.5,0.08,0.0503,0.1303,NA,NA,1.5,1.8,2.7,3.9,4.2,4.8,5.1,5.3,5.4,NA,"ILGL","Sterile","2022-06-16",167,88,"sterile",3,"D",0.000909090909090909,0.000571590909090909,0.00148068181818182,NA,0.62875,0.00148068181818182,NA,NA,"Uninoculated",0.0119184822773911,-0.87576590846717
"17","3E",31.6,1.96,0.3934,2.3534,NA,NA,6.6,7.9,9.6,12.4,14.4,17.8,21,27.5,30.6,NA,"PITA","Sterile","2022-06-10",161,94,"sterile",3,"E",0.0208510638297872,0.00418510638297872,0.025036170212766,NA,0.200714285714286,0.025036170212766,NA,NA,"Uninoculated",0.0229345245140767,0.0916367678518605
"18","3F",3.5,0.03,0.0104,0.0404,NA,NA,0.6,0.6,1,1.5,2.2,2.6,2.8,2.8,2.8,NA,"ILGL","Sterile","2022-06-20",171,84,"sterile",3,"F",0.000357142857142857,0.000123809523809524,0.000480952380952381,NA,0.346666666666667,0.000480952380952381,NA,NA,"Uninoculated",0.0119184822773911,-0.959646507855725
"19","4A",42.1,4.01,0.6047,4.6147,NA,0.1178,3,4.5,6.4,9.2,13.3,16.8,20.1,26.2,30.6,NA,"MOCE","Forest","2022-06-07",158,97,"away",4,"A",0.041340206185567,0.0062340206185567,0.0475742268041237,0.00121443298969072,0.150798004987531,0.0475742268041237,0.025527119856112,0.194807342483876,"Inoculated",0.032241997610687,0.475535957125517
"20","4B",34.1,2.16,0.4179,2.5779,NA,NA,5.9,7.3,9.2,12.1,14.5,17.7,21.8,29.3,32.5,NA,"PITA","Forest","2022-06-11",162,93,"home",4,"B",0.0232258064516129,0.00449354838709677,0.0277193548387097,NA,0.193472222222222,0.0277193548387097,NA,NA,"Inoculated",0.0229345245140767,0.20863002072252
"21","4C",27.1,1.35,0.1799,1.5299,NA,0.0259,3.1,4.2,6,8.2,10.3,11.9,14.6,20,20.5,NA,"MOCE","Forest","2022-06-10",161,94,"away",4,"C",0.0143617021276596,0.00191382978723404,0.0162755319148936,0.000275531914893617,0.133259259259259,0.0162755319148936,0.0169292110595464,0.143968871595331,"Inoculated",0.032241997610687,-0.495207086377958
"22","4D",63.1,9.4,1.505,10.905,NA,0.1652,2.9,4.9,7.7,12,15.3,21.1,27,40.2,49.1,NA,"MOCE","Forest","2022-06-08",159,96,"away",4,"D",0.0979166666666667,0.0156770833333333,0.11359375,0.00172083333333333,0.160106382978723,0.11359375,0.0151490142136635,0.109767441860465,"Inoculated",0.032241997610687,2.52316104515645
"23","4E",26.3,0.81,0.1681,0.9781,NA,NA,1.2,1.3,2.1,3.3,4.5,7.2,9.6,15.3,19.2,NA,"ILGL","Forest","2022-06-20",171,84,"away",4,"E",0.00964285714285714,0.00200119047619048,0.0116440476190476,NA,0.207530864197531,0.0116440476190476,NA,NA,"Inoculated",0.0119184822773911,-0.0230259736060618
"24","4F",27.5,0.96,0.182,1.142,NA,NA,1.6,1.8,4.4,5.5,7,9.5,12.2,19,23,NA,"ILGL","Forest","2022-06-15",166,89,"away",4,"F",0.0107865168539326,0.00204494382022472,0.0128314606741573,NA,0.189583333333333,0.0128314606741573,NA,NA,"Inoculated",0.0119184822773911,0.0766019007720506
"25","5A",26.8,1.88,0.437,2.317,NA,NA,5.4,7.1,8.4,9.7,11.6,14.3,16.9,22,23.4,NA,"PITA","Shrub","2022-06-11",162,93,"away",5,"A",0.0202150537634409,0.0046989247311828,0.0249139784946237,NA,0.232446808510638,0.0249139784946237,NA,NA,"Inoculated",0.0229345245140767,0.0863089173412776
"26","5B",22.4,0.74,0.1525,0.8925,NA,0.0184,2.3,4.2,5.8,8.9,11,12.9,12.9,14.5,16,NA,"MOCE","Shrub","2022-06-13",164,91,"home",5,"B",0.00813186813186813,0.00167582417582418,0.00980769230769231,0.000202197802197802,0.206081081081081,0.00980769230769231,0.0206162464985994,0.120655737704918,"Inoculated",0.032241997610687,-0.695810029325186
"27","5C",27.7,1.4,0.4298,1.8298,NA,NA,6.4,8,9.1,10.9,12.5,15.1,19.2,23.2,25.3,NA,"PITA","Shrub","2022-06-09",160,95,"away",5,"C",0.0147368421052632,0.00452421052631579,0.0192610526315789,NA,0.307,0.019261052631579,NA,NA,"Inoculated",0.0229345245140767,-0.160172140488156
"28","5D",32.4,2.71,0.2819,2.9919,NA,0.0692,3,4.7,6,8.9,11.5,14.2,15.6,22,24.6,NA,"MOCE","Shrub","2022-06-13",164,91,"home",5,"D",0.0297802197802198,0.0030978021978022,0.032878021978022,0.00076043956043956,0.104022140221402,0.032878021978022,0.023129115277917,0.245477119545938,"Inoculated",0.032241997610687,0.019726580685687
"29","5E",3.1,0.02,0.0148,0.0348,NA,NA,0.6,0.7,0.8,1.4,2,2.3,2.5,3,3.1,NA,"ILGL","Shrub","2022-06-28",179,76,"home",5,"E",0.000263157894736842,0.000194736842105263,0.000457894736842105,NA,0.74,0.000457894736842105,NA,NA,"Inoculated",0.0119184822773911,-0.961581120298286
"30","5F",NA,NA,NA,NA,NA,NA,NA,NA,NA,NA,NA,NA,NA,NA,NA,NA,"ILGL","Shrub",NA,NA,NA,"home",5,"F",NA,NA,NA,NA,NA,NA,NA,NA,"Inoculated",0.0119184822773911,NA
"31","6A",19,0.77,0.4431,1.2131,NA,NA,0.8,1.5,2.7,4.6,6.5,10.1,13.2,17.2,18.2,NA,"ILGL","Sterile","2022-06-15",166,89,"sterile",6,"A",0.00865168539325843,0.00497865168539326,0.0136303370786517,NA,0.575454545454545,0.0136303370786517,NA,NA,"Uninoculated",0.0119184822773911,0.143630267799102
"32","6B",13.9,0.44,0.0408,0.4808,NA,0.078,2.4,3.2,3.5,4.5,6.3,6.7,7.2,8.9,10.4,NA,"MOCE","Sterile","2022-06-09",160,95,"sterile",6,"B",0.00463157894736842,0.000429473684210526,0.00506105263157895,0.000821052631578947,0.0927272727272727,0.00506105263157895,0.162229617304493,1.91176470588235,"Uninoculated",0.032241997610687,-0.843029185328722
"33","6C",16,0.7,0.1781,0.8781,NA,0.0154,2.3,2.5,3.6,5.5,6.8,8.4,10.2,13.8,14,NA,"MOCE","Sterile","2022-06-09",160,95,"sterile",6,"C",0.00736842105263158,0.00187473684210526,0.00924315789473684,0.000162105263157895,0.254428571428571,0.00924315789473684,0.0175378658467145,0.0864682762492981,"Uninoculated",0.032241997610687,-0.713319317048982
"34","6D",29.2,0.71,0.13,0.84,NA,NA,1,2,3,4,5.3,7.9,10,16.6,19.5,NA,"ILGL","Sterile","2022-06-17",168,87,"sterile",6,"D",0.00816091954022988,0.00149425287356322,0.0096551724137931,NA,0.183098591549296,0.0096551724137931,NA,NA,"Uninoculated",0.0119184822773911,-0.189899167605547
"35","6E",24.7,1.61,0.441,2.051,NA,NA,6.4,7.8,9.1,11.2,12.7,15.9,17.9,20.2,22.3,NA,"PITA","Sterile","2022-06-13",164,91,"sterile",6,"E",0.0176923076923077,0.00484615384615385,0.0225384615384615,NA,0.273913043478261,0.0225384615384615,NA,NA,"Uninoculated",0.0229345245140767,-0.0172692909055984
"36","6F",27.8,0.94,0.1918,1.1318,NA,NA,1.4,1.6,2.5,4.2,5,6.4,8.8,15.5,19.3,NA,"ILGL","Sterile","2022-06-22",173,82,"sterile",6,"F",0.0114634146341463,0.0023390243902439,0.0138024390243902,NA,0.204042553191489,0.0138024390243902,NA,NA,"Uninoculated",0.0119184822773911,0.158070189068694
"37","7A",53.2,5.68,0.7602,6.4402,NA,0.054,2.5,3.6,5.3,7.5,10.2,14.9,20.4,32.7,38.5,NA,"MOCE","Forest","2022-06-08",159,96,"away",7,"A",0.0591666666666667,0.00791875,0.0670854166666667,0.0005625,0.133838028169014,0.0670854166666667,0.00838483276916866,0.0710339384372533,"Inoculated",0.032241997610687,1.08068425153751
"38","7B",NA,NA,NA,NA,NA,NA,NA,NA,NA,NA,NA,NA,NA,NA,NA,NA,"ILGL","Forest",NA,NA,NA,"away",7,"B",NA,NA,NA,NA,NA,NA,NA,NA,"Inoculated",0.0119184822773911,NA
"39","7C",22.8,1.3,0.4154,1.7154,NA,NA,6.1,7.4,8.5,9.7,10.6,12.2,14.5,19,20.2,NA,"PITA","Forest","2022-06-13",164,91,"home",7,"C",0.0142857142857143,0.00456483516483516,0.0188505494505494,NA,0.319538461538461,0.0188505494505494,NA,NA,"Inoculated",0.0229345245140767,-0.178071058810075
"40","7D",36.4,2.46,0.5588,3.0188,NA,NA,5.6,7,8.3,11,13.1,17,21.9,29.5,33.2,NA,"PITA","Forest","2022-06-10",161,94,"home",7,"D",0.0261702127659574,0.00594468085106383,0.0321148936170213,NA,0.227154471544715,0.0321148936170213,NA,NA,"Inoculated",0.0229345245140767,0.400286001016061
"41","7E",20.6,1.5,0.3565,1.8565,NA,NA,4.2,5.6,6.7,8.2,9.6,11.3,13.9,17.4,19.4,NA,"PITA","Forest","2022-06-13",164,91,"home",7,"E",0.0164835164835165,0.00391758241758242,0.0204010989010989,NA,0.237666666666667,0.0204010989010989,NA,NA,"Inoculated",0.0229345245140767,-0.11046340251889
"42","7F",24.1,1.62,0.5049,2.1249,NA,NA,5.5,7.3,8.2,10,11.5,14.3,17,19.7,21.8,NA,"PITA","Forest","2022-06-11",162,93,"home",7,"F",0.0174193548387097,0.00542903225806452,0.0228483870967742,NA,0.311666666666667,0.0228483870967742,NA,NA,"Inoculated",0.0229345245140767,-0.00375579695361228
"43","8A",30.7,2.43,0.5985,3.0285,NA,NA,7.3,8.5,9.6,11.6,13.6,17.2,19.8,25.6,27.2,NA,"PITA","Shrub","2022-06-10",161,94,"away",8,"A",0.0258510638297872,0.00636702127659575,0.032218085106383,NA,0.246296296296296,0.032218085106383,NA,NA,"Inoculated",0.0229345245140767,0.404785396209467
"44","8B",33.2,1.94,0.5308,2.4708,NA,NA,6.2,8,10,12.5,14.8,18.9,22.7,31.7,32.6,NA,"PITA","Shrub","2022-06-10",161,94,"away",8,"B",0.0206382978723404,0.0056468085106383,0.0262851063829787,NA,0.27360824742268,0.0262851063829787,NA,NA,"Inoculated",0.0229345245140767,0.146093365347318
"45","8C",29.5,1.17,0.2688,1.4388,NA,0.0134,0.9,1.2,2,2.8,4,7.2,10.5,19,23.8,NA,"MOCE","Shrub","2022-06-28",179,76,"home",8,"C",0.0153947368421053,0.00353684210526316,0.0189315789473684,0.000176315789473684,0.22974358974359,0.0189315789473684,0.00931331665276619,0.0498511904761905,"Inoculated",0.032241997610687,-0.412828597782251
"46","8D",23.2,1.01,0.3172,1.3272,NA,0.0076,2.2,3.1,3.9,5.5,8.4,11.5,14.9,19.7,21.7,NA,"MOCE","Shrub","2022-06-10",161,94,"home",8,"D",0.0107446808510638,0.00337446808510638,0.0141191489361702,8.08510638297872e-05,0.314059405940594,0.0141191489361702,0.00572634116937914,0.0239596469104666,"Inoculated",0.032241997610687,-0.56208827050188
"47","8E",NA,NA,NA,NA,NA,NA,NA,NA,NA,NA,NA,NA,NA,NA,NA,NA,"MOCE","Shrub",NA,NA,NA,"home",8,"E",NA,NA,NA,NA,NA,NA,NA,NA,"Inoculated",0.032241997610687,NA
"48","8F",36.7,3.63,0.727,4.357,NA,NA,6.6,8.5,10.1,12.6,15.1,19.2,23.6,33.4,35.5,NA,"PITA","Shrub","2022-06-11",162,93,"away",8,"F",0.0390322580645161,0.00781720430107527,0.0468494623655914,NA,0.200275482093664,0.0468494623655914,NA,NA,"Inoculated",0.0229345245140767,1.04274836118081
"49","9A",23.9,0.92,0.265,1.185,NA,NA,5.6,7.7,9.3,11,12.7,15.5,17.8,22.3,23.4,NA,"PITA","Sterile","2022-06-11",162,93,"sterile",9,"A",0.00989247311827957,0.0028494623655914,0.012741935483871,NA,0.28804347826087,0.012741935483871,NA,NA,"Uninoculated",0.0229345245140767,-0.44442120541674
"50","9B",25.5,1.42,0.4668,1.8868,NA,NA,6.1,8.2,9.5,11.6,13.8,16.9,19.7,23.7,24.9,NA,"PITA","Sterile","2022-06-13",164,91,"sterile",9,"B",0.0156043956043956,0.00512967032967033,0.0207340659340659,NA,0.328732394366197,0.0207340659340659,NA,NA,"Uninoculated",0.0229345245140767,-0.0959452452855597
"51","9C",NA,NA,NA,NA,NA,NA,1.8,2.8,3.5,4.5,4.5,NA,NA,NA,NA,NA,"MOCE","Sterile","2022-06-16",167,88,"sterile",9,"C",NA,NA,NA,NA,NA,NA,NA,NA,"Uninoculated",0.032241997610687,NA
"52","9D",37.9,3.51,0.5114,4.0214,NA,0.0851,2,3.3,4.6,7.5,10,13.5,16.5,24.2,27.5,NA,"MOCE","Sterile","2022-06-13",164,91,"sterile",9,"D",0.0385714285714286,0.00561978021978022,0.0441912087912088,0.000935164835164835,0.145698005698006,0.0441912087912088,0.0211617844531755,0.166405944466171,"Uninoculated",0.032241997610687,0.370610137895458
"53","9E",18.3,0.66,0.1162,0.7762,NA,0.0166,1.6,3.2,3.6,5.8,7,8.3,10.5,13.5,15,NA,"MOCE","Sterile","2022-06-10",161,94,"sterile",9,"E",0.00702127659574468,0.00123617021276596,0.00825744680851064,0.000176595744680851,0.176060606060606,0.00825744680851064,0.0213862406596238,0.142857142857143,"Uninoculated",0.032241997610687,-0.743891587977365
"54","9F",13.2,0.24,NA,NA,NA,NA,0.8,1.5,2.2,3,3.1,4.6,5.7,6.5,6.6,NA,"ILGL","Sterile","2022-06-17",168,87,"sterile",9,"F",0.00275862068965517,NA,NA,NA,NA,NA,NA,NA,"Uninoculated",0.0119184822773911,NA
